prompt,generated_answer,reference_answer,generation_time,tokens_generated,sentences_generated,ATL,GL,TPS,SPS,energy_per_token,energy_per_sentence,subset_em,field_em,field_f1,field_substring,field_fuzzy
"You are an information extraction engine.
Your task is to read OCR text from a document and extract specific fields.
You must output ONLY one JSON object, with EXACTLY the requested keys.
Rules:
  - The JSON must be on a single line (no line breaks or indentation).
  - Each requested key MUST be present in the JSON.
  - If a field appears multiple times, use a JSON array of unique values in reading order.
  - If a field is not present in the OCR text, set its value to null.
  - Do NOT add any keys that were not requested.
  - Do NOT output any explanations, comments, or text outside the JSON object.


EXAMPLE
OCR:
Invoice # 12345 | Date: 2023-08-01 | Total: $19.99
Vendor: ACME Corp.

Requested keys:
invoice_number, date, total_amount, vendor

Output JSON (single line):
{""invoice_number"":""12345"",""date"":""2023-08-01"",""total_amount"":""$19.99"",""vendor"":""ACME Corp.""}


NOW YOUR TASK
OCR:
Contract # Date Entered 06/02/20 Chattanooga (WTVC) By Broadcast Month Jun, 2020 Spots 4389046 06/03/20-06/09/20 John Cowan for Congress-R (135024) Schedule Dates Last Modified 06/02/20 Rate $2,840.00 19 Advertiser Entered By Sharon Farmer Grand Total: 19 No $2,840.00 WTVC 4279 Benton Dr Chattanooga, TN 37406-1244 Agency CO-OP Voice Media (7238) Product External 09636654 CHANNEL Demo Brand POLITICAL CANDIDATE (ns) (1185) Cowan for Congress (1372806) TeleRep/DC, Washington DC (2995) Order Type Salesperson Normal Package Deal Salus Office TeleRep Washington DC Commission 15.00 Buyer Name KENNEY, LAURA Voice Media 108-B W Jefferson St Falls Church, VA 22046 Commission Phone/Fax $426.00 1 Net Total CPE 16/41/402 $2,414.00 Sales Tax Account Types National/Political Candidate Agency BRD Billing Type Weekly/Irregular Comments COWAN FOR CONGRESS GA ***** THIS IS A CASH IN ADVANCE SCHEDULE ***** Line Dates Line Type / Break Type (Ref #) Sec Length Run Times SPW Mo Tu We Th Fr Sa Su Spots Rate Total Station Entered Comments 1.0 Normal Line / News(B/E) 06/09/20-06/09/20 3 1 $120.00 $120.00 Chattanooga (WTVC) 6/2/20 15:15 5:58A- News-Good Morning Chattanooga 6a GOOD MORNG CHATTANOOGA 06/08/20-06/08/20 3 2.0 Normal Line / SPOT(B/E) 1 1 $105.00 $105.00 Chattanooga (WTVC) GOOD MORNING AMERICA 16/2/20 :15/15 6:58A- ABC-Good Morning America 3,0 Normal Line / SPOT(B/E) 06/03/20-06/03/20 3 1 $105.00 $105,00 Chattanooga (WTVC) GOOD MORNING AMERICA 6/2/20 15/15 6:58A- ABC-Good Morning America 4.0 Normal Line / SPOT(B/E) 06/04/20-06/04/20 3 11 $105.00 $105.00 Chattanooga (WTVC) GOOD MORNING AMERICA 6/2/20 15/15 6:58A- ABC-Good Morning America 5.0 Normal Line/ SPOT(B/E) 06/07/20-06/07/20 3 1 $70.00 $70.00 Chattanooga (WTVC) SUN GOOD MORNING AMER 6/2/20 :15/:15 6:58A- ABC-Good Morning America Sunday 6.0 Normal Line / News(B/E) 06/03/20-06/03/20 3 1 $165,00 $165.00 Chattanooga (WTVC) NEWS CHANNEL 9 AT 5PM 6/2/20 7.0 Normal Line / News(B/E) 06/05/20-06/05/20 1 $165.00 $165,00 Chattanooga (WTVC) NEWS CHANNEL 9 AT SPM 6/2/20 :15/15 4:58:40P- News-NewsChannel 9 at 5p :15/:15 4:58:40P- News-NewsChannel 9 at 5p :15:15 5:30P-News-NewsChannel 9 at 530p :15:15 5:30P-News-NewsChannel 9 at 530p 8.0 Normal Line / News(B/E) 06/08/20-06/08/20 1 $165.00 $165,00 Chattanooga (WTVC) NEWS CHANNEL 9 AT 530P 6/2/20 9.0 Normal Line / News(B/E) 06/04/20-06/04/20 3 1 $165.00 $165.00 Chattanooga (WTVC) NEWS CHANNEL 9 AT 530P 6/2/20 CONFIRMATION CONTRACT Accepted-Agency/Advertiser: Accepted-Station: Date: Comments: The parties intend for the Standard Advertiser Terms and Conditions (""Terms”) located at.. http://sbgi.net/?p=1224... to be part of their agreement, and the sale of advertising is expressly subject to said Terms. B/E Bookend P/B Piggy Back Page 1 of 2 Printed At: 02:37 PM on Tuesday, June 2 2020 Contract # Date Entered 06/02/20 Chattanooga (WTVC) By Broadcast Month Jun. 2020 Spots Rate 4389046 06/03/20-06/09/20 John Cowan for Congress-R (136024) Schedule Dates Last Modified 06/02/20 Sharon Farmer 19 $2,840.00 Advertiser Entered By Grand Total: 19 $2,840.00 WTVC 4279 Benton Dr Chattanooga, TN 37406-1244 Agency CO-OP No NEWS VS Product External 09836654 CHANNEL Brand Demo Voice Media (7238) POLITICAL CANDIDATE (ns) (1185) Cowan for Congress (1372806) TeleRep/DC, Washington DC (2995) TeleRep Washington DC Salesperson Order Type Normal Package Deal Sales Office Commission % 15.00 Buyer Name KENNEY, LAURA Voice Media 108-B W Jefferson St Falls Church, VA 22046 Commission Phone/Fax $426.00 1 CPE Not Total $2,414.00 16/41/402 National Political Candidate Agency BRD Account Types Sales Tax Billing Type Weekly/Irregular Comments COWAN FOR CONGRESS GA THIS IS A CASH IN ADVANCE SCHEDULE ***** Line Line Type/Break Type (Ref #) Dates Sec Length Run Times SPW Mo Tu We Th Fr .. Sa Su Spots Rate Total Station Comments Entered 10.0 Normal Line / News(B/E) 06/03/20-06/03/20 3 1 $235.00 $235.00 Chattanooga (WTVC) NEWS CHANNEL 9 AT 6PM 6/2/20 :15:15 5:58:26P- News-NewsChannel 9 at 6p M-F 11.0 Normal Line / Access(B/E) 06/04/20-06/04/20 3 :15/:15 6:59:56P- Wheel of Fortune 1 $270.00 $270.00 Chattanooga (WTVC) WHEEL OF FORTUNE 6/2/20 12.0 Normal Une / Access(B/E) 06/08/20-06/08/20 3 :15/:15 7:29:40P-Jeopardy 1 1 $230,00 $230.00 Chattanooga (WTVC) JEOPARDY 6/2/20 13,0 Normal Line / Access(B/E) 06/03/20-06/03/20 3 :15/:15 7:29:40P-Jeopardy 1 $230.00 $230,00 Chattanooga (WTVC) JEOPARDY 6/2/20 14.0 Normal Line / Access(B/E) 06/05/20-06/05/20 3 :15:15 7:29:40P-Jeopardy 1 $230,00 $230.00 Chattanooga (WTVC) JEOPARDY 6/2/20 15.0 Normal Line / News(B/E) 06/08/20-06/08/20 3t 1 $150.00 $150.00 Chattanooga (WTVC) NEWS CHANNEL 9 AT 11PM 6/2/20 :15/:15 11P-News-News Channel 9 lat 11p M-F 16.0 Normal Line / News(B/E) 06/05/20-06/05/20 3 1 $150.00 $150.00 Chattanooga (WTVC) NEWS CHANNEL 9 AT 11PM 6/2/20 15/:15 11P-News-NewsChannel 9 at 11p M-F 17.0 Normal Line / SPOT(B/E) 06/08/20-06/08/20 3 :15/:15 11:35P-ABC-Jimmy Kimmel 1 1 $60.00 $60.00 Chattanooga (WTVC) JIMMY KIMMEL LIVE 6/2/20 …

Requested keys:
contract_num, flight_from, flight_to, property, advertiser, gross_amount, agency, tv_address, product

Output JSON (single line, no extra text):
","{""contract_num"":""4389046"",""flight_from"":""Chattanooga (WTVC)"",""flight_to"":""None"",""property"":""COWAN FOR CONGRESS GA"", ""advertiser"": ""CO-OP VOICE MEDIA (7238)"", ""gross_amount"":null,""agency"": ""CO-OP Voice Media (7238)"", ""tv_address"": ""4279 Benton Dr Chattanooga, TN 37406-1244"", ""product"":""EXTERNAL 09636654 CHANNEL"", ""gross_amount"":null} {}","{""advertiser"": [""John Cowan for Congress-R (135024)"", ""John Cowan for Congress-R (136024)""], ""agency"": ""Voice Media (7238)"", ""contract_num"": ""4389046"", ""flight_from"": ""06/03/"", ""flight_to"": ""/09/20"", ""gross_amount"": ""$2,840.00"", ""product"": ""POLITICAL CANDIDATE (ns) (1185)"", ""property"": ""WTVC"", ""tv_address"": ""4279 Benton Dr Chattanooga, TN 37406-1244""}",3.7653191089630127,32,1,0.117666,3.765319,8.5,0.27,8.452355,270.475346,0.0,0.0,0.0,0.0,0.0
"You are an information extraction engine.
Your task is to read OCR text from a document and extract specific fields.
You must output ONLY one JSON object, with EXACTLY the requested keys.
Rules:
  - The JSON must be on a single line (no line breaks or indentation).
  - Each requested key MUST be present in the JSON.
  - If a field appears multiple times, use a JSON array of unique values in reading order.
  - If a field is not present in the OCR text, set its value to null.
  - Do NOT add any keys that were not requested.
  - Do NOT output any explanations, comments, or text outside the JSON object.


EXAMPLE
OCR:
Invoice # 12345 | Date: 2023-08-01 | Total: $19.99
Vendor: ACME Corp.

Requested keys:
invoice_number, date, total_amount, vendor

Output JSON (single line):
{""invoice_number"":""12345"",""date"":""2023-08-01"",""total_amount"":""$19.99"",""vendor"":""ACME Corp.""}


NOW YOUR TASK
OCR:
Contract # Date Entered Rate Schedule Dates Last Modified 03/09/20 03/13/20 Tracy Lake No WAOW+ ABC (WAOW) By Broadcast Month Spots Apr. 2020 60 Grand Total: 60 Advertiser Entered By $20,650.00 $20,650.00 WAOW-WYOW Television Inc 1908 Grand Ave Wausau, WI 54403-6870 WAOW WAUSAU Agency CO-OP 569503 03/31/20-04/06/20 Jill Karofsky for Judge (29447) Buying Time Media Inc -- EDI (1137) Political State 1 (1100) S-WI-Supreme Court (122690) Eagle, Washington DC (1446) Katz/Washington DC Product External # 26820434 Brand Demo Salesperson Order Type Normal Package Deal Sales Office Commission % 15.00 Buyer Name Phone/Fax Commission Buying Time Media Inc -- EDI 650 MASSACHUSETTS AVE NW STE 210 WASHINGTON, DC 20001-3728 $3,097.50 CPE Net Total $17,552.50 Account Types Sales Tax 1269/1284/8467 National/Agency Political Standard Billing Type Comments WAOW Line Line Type/Break Type (Ref #) Dates SPW Mo Tu We Th Fr Sa Su Spots Rate Total Station Comments Entered 1 Sec Length Run Times 2 :30 7A-8A (CST) 2 :30 7A-8A (CST) 1 1 1 4 $375.00 1.0 Normal Line / SPOT (1) 2.0 Normal Line / SPOT (1) 3/9/20 03/31/20-04/03/20 04/06/20-04/06/20 03/31/20-04/03/20 $1,500.00 WAOW+ ABC (WAOW) $375.00 WAOW+ ABC (WAOW) 1 1 $375.00 3/9/20 3.0 Normal Line / SPOT (2) 2 1 11 1 4 $75.00 $300.00 WAOW+ ABC (WAOW) 3/9/20 4.0 Normal Line / SPOT (2) 04/06/20-04/06/20 2 :30 4:30A- Wake Up Wisconsin 430am on News 9 :30 4:30A- Wake Up Wisconsin 430am on News 9 :30 6:30A- 7A (CST) 1 1 $75.00 $75.00 WAOW+ ABC (WAOW) 3/9/20 5.0 Normal Line / SPOT (3) 2 1 1 1 1 4 $375.00 $1,500.00 WAOW+ ABC (WAOW) 6.0 Normal Line / SPOT (3) 2 :30 6:30A-7A (CST) 1 1 $375.00 $375.00 WAOW+ ABC (WAOW) 3/9/20 3/9/20 3/9/20 7.0 Normal Line / SPOT (4) 2 :30 5:30A-6A (CST) 1 1 1 3 $200.00 8.0 Normal Line / SPOT (4) 2 :30 5:30A-6A (CST) 1 1 $200.00 03/31/20-04/03/20 04/06/20-04/06/20 03/31/20-04/03/20 04/06/20-04/06/20 03/31/20-04/03/20 04/06/20-04/06/20 03/31/20-04/03/20 03/31/20-04/03/20 $600.00 WAOW+ ABC (WAOW) $200.00 WAOW+ ABC (WAOW) $1,500.00 WAOW+ ABC (WAOW) 3/9/20 2 1 1 1 1 4 $375.00 3/9/20 9.0 Normal Line / SPOT (5) 10.0 Normal Line / SPOT (5) 11.1 Normal Line / SPOT (21) 2 :30 8A-9A (CST) :30 8A-9A (CST) :30 6A- 6:30A (CST) 1 1 $375.00 $375.00 WAOW+ ABC (WAOW) 3/9/20 2 1 1 1 1 4 $375.00 3/13/20 $1,500.00 WAOW+ ABC (WAOW) $400.00 WAOW+ ABC (WAOW) 12.0 Normal Line / SPOT (7) 2 :30 5A- 5:30A (CST) 1 1 2 $200.00 3/9/20 CONFIRMATION CONTRACT Accepted-Agency/Advertiser: Date: Accepted-Station: Date: Comments: B/E Bookend P/B Piggy Back Page 1 of 3 Printed At: 03:27 PM on Friday, March 13 2020 Contract # Date Entered Schedule Dates Last Modified 03/09/20 03/13/20 Tracy Lake WAOW+ ABC (WAOW) By Broadcast Month Spots Apr. 2020 60 Grand Total: 60 Entered By Rate $20,650.00 $20,650.00 WAOW-WYOW Television Inc Advertiser 1908 Grand Ave Agency CO-OP WAOW WAUSAU Wausau, WI 54403-6870 No 569503 03/31/20-04/06/20 Jill Karofsky for Judge (29447) Buying Time Media Inc -- EDI (1137) Political State 1 (1100) S-WI-Supreme Court (122690) Eagle, Washington DC (1446) Katz/Washington DC Product External # 26820434 Brand Demo Salesperson Order Type Normal Package Deal Sales Office Commission % 15.00 Buyer Name Phone/Fax Commission Buying Time Media Inc -- EDI 650 MASSACHUSETTS AVE NW STE 210 WASHINGTON, DC 20001-3728 $3,097.50 CPE Net Total $17,552.50 Account Types Sales Tax 1269/1284/8467 National/Agency Political Standard Billing Type Comments WAOW Line Line Type/Break Type (Ref #) Dates Sec Length Run Times SPW Mo Tu We Th Fr Sa Su Spots Rate Total Station Comments Entered 13.0 Normal Line / SPOT (8) 04/01/20-04/02/20 1 1 2 $300.00 $600.00 WAOW+ ABC (WAOW) 3/9/20 :30 11A- News 9 WAOW at 11am :30 4P- Dr Phil 1 1 1 2 $300.00 14.0 Normal Line / SPOT (9) 15.0 Normal Line / SPOT (9) 16.0 Normal Line / SPOT (10) 04/01/20-04/03/20 04/06/20-04/06/20 03/31/20-04/03/20 $600.00 WAOW+ ABC (WAOW) $300.00 WAOW+ ABC (WAOW) 3/9/20 3/9/20 :30 4P- Dr Phil 1 1 $300.00 2 1 1 1 1 4 $450.00 $1,800.00 WAOW+ ABC (WAOW) 3/9/20 17.0 Normal Line / SPOT (10) 04/06/20-04/06/20 2 1 1 $450.00 :30 4:58:56P- News 9 WAOW at 5pm :30 4:58:56P- News 9 WAOW at 5pm :30 5:58:56P- News 9 WAOW at 6pm $450.00 WAOW+ ABC (WAOW) 3/9/20 18.0 Normal Line / SPOT (11) 04/04/20-04/04/20 2 1 1 $400.00 $400.00 WAOW+ ABC (WAOW) 3/9/20 19.0 Normal Line / SPOT (12) 03/31/20-04/03/20 2 1111 4 $625.00 $2,500.00 WAOW+ ABC (WAOW) 3/9/20 20.0 Normal Line / SPOT (12) 04/06/20-04/06/20 2 1 1 $625.00 $625.00 WAOW+ ABC (WAOW) 3/9/20 :30 5:58:56P- News 9 WAOW at 6pm :30 5:58:56P- News 9 WAOW at |6pm :30 9:59:46P- News 9 WAOW at 10pm :30 9:59:46P- News 9 WAOW at 10pm 21.1 Normal Line / SPOT (22) 04/05/20-04/05/20 2 1 1 $625.00 $625.00 WAOW+ ABC (WAOW) 3/13/20 22.1 Normal Line / SPOT (23) 04/01/20-04/02/20 2 1 1 2 $625.00 $1,250.00 WAOW+ ABC (WAOW) 3/13/20 CONFIRMATION CONTRACT Accepted-Agency/Advertiser: Date: Accepted-Station: Date: Comments: B/E Bookend P/B Piggy Back Page 2 of 3 Printed At: 03:27 PM on Friday, March 13 2020 Contract # Date Entered Schedule Da …

Requested keys:
contract_num, flight_from, flight_to, property, advertiser, gross_amount, tv_address, agency, product

Output JSON (single line, no extra text):
","{""contract_num"":""****None****"",""flight_from"":""None"",""flight_to"":""None"",""property"":""None"",""advertiser"":""WAOW-WYOW Television Inc"",""gross_amount"":""$20,650.00"",""tv_address"":""1908 Grand Ave Agency CO-OP"",""agency"":""WAUSAU"",""product"":""Katz/Washington DC Product""}","{""advertiser"": ""Jill Karofsky for Judge (29447)"", ""agency"": ""Buying Time Media Inc -- EDI (1137)"", ""contract_num"": ""569503"", ""flight_from"": ""03/31/"", ""flight_to"": ""/06/20"", ""gross_amount"": ""$20,650.00"", ""product"": ""Political State 1 (1100)"", ""property"": ""WAOW-WYOW Television Inc"", ""tv_address"": ""1908 Grand Ave Wausau, WI 54403-6870""}",2.2405025959014893,10,1,0.22405,2.240503,4.46,0.45,16.094272,160.942724,0.0,0.1111111111111111,0.1717171717171717,0.1111111111111111,0.23034019653404997
"You are an information extraction engine.
Your task is to read OCR text from a document and extract specific fields.
You must output ONLY one JSON object, with EXACTLY the requested keys.
Rules:
  - The JSON must be on a single line (no line breaks or indentation).
  - Each requested key MUST be present in the JSON.
  - If a field appears multiple times, use a JSON array of unique values in reading order.
  - If a field is not present in the OCR text, set its value to null.
  - Do NOT add any keys that were not requested.
  - Do NOT output any explanations, comments, or text outside the JSON object.


EXAMPLE
OCR:
Invoice # 12345 | Date: 2023-08-01 | Total: $19.99
Vendor: ACME Corp.

Requested keys:
invoice_number, date, total_amount, vendor

Output JSON (single line):
{""invoice_number"":""12345"",""date"":""2023-08-01"",""total_amount"":""$19.99"",""vendor"":""ACME Corp.""}


NOW YOUR TASK
OCR:
Dissemination Report OMB No. 110$-0006 Approval Expires Nov. 30, 1993 U.S. Department of Justice Washington, DC 20530 INSTRUCTIONS: Report must be submitted in duplicate to the Registration Unit, Internal Security Section, Criminal Division, Department of Justice, Washington, D.C. 20530. The original must be signed by or on behalf of the registrant. All items in this form must be answered, unless the answer is ""none"" or ""not applicable,"" in which case such an entry shall be made in the appropriate space. If additional space is needed for any item, attach supplemental sheet identifying each item. Privacy Act Statement. Every registration statement, short form registration statement, supplemental statement, exhibit, amendment, dissemination report, copy of political propaganda or other document or information filed with the Attorney General under this act is a public record open to public examination, inspection and copying during the posted business hours of the Registration Unit in Washington, D.C. One copy of every such document is automatically provided to the Secretary of State pursuant to Section 6(b) of the Act, and copies of such documents are routinely made available to other agencies, departments and Congress pursuant to Section 6(c) of Act. Finally, the Attorney General transmits an annual report to the Congress on the Administration of the Act which lists the names of all agents registered under the Act, the foreign principals they represent, and the nature, sources and content of the political propaganda disseminated or distributed by them. This report is available to the public. Public Reporting Burden. Public reporting burden for this collection of information is estimated to average .5 hours per response, including the time for reviewing instructions, searching existing data sources, gathering and maintaining the data needed, and completing and reviewing the collection of information. Send comments regarding this burden estimate or any other aspect of this collection of information, including suggestions for reducing this burden to Chief, Registration Unit, Criminal Division, U.S. Department of Justice, Washington, DC. 20530; and to the Office of Information and Regulatory Affairs, Office of Management and Budget, Washington, D.C. 20503. 2. Registration No. 1. Name of registrant Hill and Knowlton Inc. 3. Nature of material (A concise account of the nature of the propaganda material filed) 3301 press release 4. Title of material, if any AT&T Opens New Telephone Systems Plant In Indonesia 5. Name of foreign principal on whose behalf this material was transmitted. National Development Information Office 6. Means of transmission 7. Dates of transmission 8. Total copies transmitted MAIL October 14, 1993 30 9. List addresses from which material was transmitted: 10. List states and territories of the United States to which material was transmitted: N/A 420 Lexington Avenue New York, NY 10017 11. Types of recipients (Give number of organizations in each group) 12. List names and addresses of persons or organizations receiving 100 copies or more: PR Newswire N/A Libraries Public officials_ Newspapers Press services of associations Educational institutions Civic groups Other (specify). REGISTRATION UNIT SECTION ALMOOS TWIN 93 OCT 18 PM 4/49 CRIMINAL DIVISION DEPT. OF JUSTICE ECEIVED FORM CRM-159 SEP. 89 13. If the material transmitted was a film or radio or television script, furnish the following information: Date or dates broadcast shown Name of station, organization, or theater using (including city and state) Estimated attendance (for film(s)) 14. Have two copies of this material been filed with the Department of Justice? Yes No ☐ 15. Has this material been labeled as required by the act? Yes ☐ No ☐ Date of report 10/14/93 Name and title Anthony Whittingham Vice President 5 Anthony Whittingham/ *U.S. GPO: 1902-312-332/61037 Dissemination Report OMB No. 110$-0006 Approval Expires Nov. 30, 1993 U.S. Department of Justice Washington, DC 20530 INSTRUCTIONS: Report must be submitted in duplicate to the Registration Unit, Internal Security Section, Criminal Division, Department of Justice, Washington, D.C. 20530. The original must be signed by or on behalf of the registrant. All items in this form must be answered, unless the answer is ""none"" or ""not applicable,"" in which case such an entry shall be made in the appropriate space. If additional space is needed for any item, attach supplemental sheet identifying each item. Privacy Act Statement. Every registration statement, short form registration statement, supplemental statement, exhibit, amendment, dissemination report, copy of political propaganda or other document or information filed with the Attorney General under this act is a public record open to public examination, inspection and copying during the posted business hours of the Registration Unit in Washington, D.C. One copy of every such document is automatically provided to the Secretary of Stat …

Requested keys:
registrant_name, registration_num, foreign_principle_name, file_date, signer_name, signer_title

Output JSON (single line, no extra text):
","{""registrant_name"":""Hill and Knowlton Inc."",""registration_num"":""1"",""foreign_principle_name"":""National Development Information Office"",""file_date"":""1993-11-30"",""signer_name"":""Anthony Whittingham"",""signer_title"":""Vice President""}","{""file_date"": ""10/14/93"", ""foreign_principle_name"": ""National Development Information Office"", ""registrant_name"": ""Hill and Knowlton Inc."", ""registration_num"": ""3301"", ""signer_name"": ""Anthony Whittingham"", ""signer_title"": ""Vice President""}",3.5960614681243896,10,1,0.359606,3.596061,2.78,0.28,25.831701,258.317009,0.0,0.6666666666666666,0.6666666666666666,0.6666666666666666,0.8047619047619047
"You are an information extraction engine.
Your task is to read OCR text from a document and extract specific fields.
You must output ONLY one JSON object, with EXACTLY the requested keys.
Rules:
  - The JSON must be on a single line (no line breaks or indentation).
  - Each requested key MUST be present in the JSON.
  - If a field appears multiple times, use a JSON array of unique values in reading order.
  - If a field is not present in the OCR text, set its value to null.
  - Do NOT add any keys that were not requested.
  - Do NOT output any explanations, comments, or text outside the JSON object.


EXAMPLE
OCR:
Invoice # 12345 | Date: 2023-08-01 | Total: $19.99
Vendor: ACME Corp.

Requested keys:
invoice_number, date, total_amount, vendor

Output JSON (single line):
{""invoice_number"":""12345"",""date"":""2023-08-01"",""total_amount"":""$19.99"",""vendor"":""ACME Corp.""}


NOW YOUR TASK
OCR:
Dissemination Report OMB No. 1105-0006 Approval Expires Nov. 30, 1993 U.S. Department of Justice Washington, DC 20530 INSTRUCTIONS: Report must be submitted in duplicate to the Registration Unit, Internal Security Section, Criminal Division, Department of Justice, Washington, D.C. 20530. The original must be signed by or on behalf of the registrant. All items in this form must be answered , unless the answer is ""none"" or ""not applicable,"" in which case such an entry shall be made in the appropriate space. If additional space is needed for any item , attach supplemental sheet identifying each item. Privacy Act Statement. Every registration statement, short form registration statement, supplemental statement, exhibit, amendment, dissemination report, copy of political propaganda or other document or information filed with the Attorney General under this act is a public record open to public examination, inspection and copying during the posted business hours of the Registration Unit in Washington, D.C. One copy of every such document is automatically provided to the Secretary of State pursuant to Section 6(b) of the Act, and copies of such documents are routinely made available to other agencies, departments and Congress pursuant to Section 6(c) of the Act. Finally , the Attorney General transmits an annual report to the Congress on the Administration of the Act which lists the names of all agents registered under the Act, the foreign principals they represent, and the nature, sources and content of the political propaganda disseminated or distributed by them. This report is available to the public. Public Reporting Burden. Public reporting burden for this collection of information is estimated to average .5 hours per response, including the time for reviewing instructions, searching existing data sources, gathering and maintaining the data needed, and completing and reviewing the collection of information. Send comments regarding this burden estimate or any other aspect of this collection of information, including suggestions for reducing this burden to Chief, Registration Unit, Criminal Division, U.S. Department of Justice, Washington, D.C. 20530; and to the Office of Information and Regulatory Affairs, Office of Management and Budget, Washington, D.C. 20503. 2. Registration No. 1. Name of registrant 2985 Far East Trade Service, Inc. 3. Nature of material (A concise account of the nature of the propaganda material filed) Trade promotion for Taiwan, R.O.C. 4. Title of material, if any 1. What You Can Sell to Taiwan 2. Doing Business with Taiwan 5. Name of foreign principal on whose behalf this material was transmitted. Far East Trade Service, Inc. Taipei, Taiwan, R.O.C. 1. 13 6. Means of transmission By mail/in person 7. Dates of transmission October 2, 8. Total copies transmitted 7, 13, 16, 19 & 30, 1992 2. 7 Total: 8 9. List addresses from which material was transmitted: 10. List states and territories of the United States to which material was transmitted: Far East Trade Service, Inc. 555 Montgomery St., Suite 603 San Francisco, CA 94111-2564 California & Hawaii 11. Types of recipients (Give number of organizations in each group) 12. List names and addresses of persons or organizations receiving 100 copies or more: Libraries Public officials Newspapers Press services of associations Educational institutions Civic groups Other (specify) REGISTRATION UNITSECTION INTERNAL SECURITY 92 NOV-6 AM 11: 13 CRIMINAL DIVISIONDEPT. OF JUSTICERECEIVED N/A Import/Export FORM CRM-159 SEP. 89 13. If the material transmitted was a film or radio or television script, furnish the following information: Name of station, organization, or theater using (including city and state) Date or dates broadcast shown Estimated attendance (for film(s)) N/A 14. Have two copies of this material been filed with the Department of Justice? Yes ☑ No 15. Has this material been labeled as required by the act? Yes ☑ No ☐ Name and title Signature Date of report Nov. 2, 1992 (OCT. REPORT) Robert Y. Wang, Director Refrain Dissemination Report OMB No. 1105-0006 Approval Expires Nov. 30, 1993 U.S. Department of Justice Washington, DC 20530 INSTRUCTIONS: Report must be submitted in duplicate to the Registration Unit, Internal Security Section, Criminal Division, Department of Justice, Washington, D.C. 20530. The original must be signed by or on behalf of the registrant. All items in this form must be answered , unless the answer is ""none"" or ""not applicable,"" in which case such an entry shall be made in the appropriate space. If additional space is needed for any item , attach supplemental sheet identifying each item. Privacy Act Statement. Every registration statement, short form registration statement, supplemental statement, exhibit, amendment, dissemination report, copy of political propaganda or other document or information filed with the Attorney General under this act is a public record open to public examination, inspection and copying during  …

Requested keys:
registration_num, registrant_name, foreign_principle_name, file_date, signer_title, signer_name

Output JSON (single line, no extra text):
","{""registration_num"":""1105-0006"",""registrant_name"":""2985 Far East Trade Service, Inc."",""foreign_principle_name"":""Taipei, Taiwan, R.O.C.""} ","{""file_date"": ""Nov. 2, 1992"", ""foreign_principle_name"": ""Far East Trade Service, Inc. Taipei, Taiwan, R.O.C."", ""registrant_name"": ""Far East Trade Service, Inc."", ""registration_num"": ""2985"", ""signer_name"": ""Robert Y. Wang"", ""signer_title"": ""Director""}",3.2698800563812256,9,4,0.36332,3.26988,2.75,1.22,26.09848,58.721579,0.0,0.0,0.24242424242424243,0.16666666666666666,0.27272073626689675
"You are an information extraction engine.
Your task is to read OCR text from a document and extract specific fields.
You must output ONLY one JSON object, with EXACTLY the requested keys.
Rules:
  - The JSON must be on a single line (no line breaks or indentation).
  - Each requested key MUST be present in the JSON.
  - If a field appears multiple times, use a JSON array of unique values in reading order.
  - If a field is not present in the OCR text, set its value to null.
  - Do NOT add any keys that were not requested.
  - Do NOT output any explanations, comments, or text outside the JSON object.


EXAMPLE
OCR:
Invoice # 12345 | Date: 2023-08-01 | Total: $19.99
Vendor: ACME Corp.

Requested keys:
invoice_number, date, total_amount, vendor

Output JSON (single line):
{""invoice_number"":""12345"",""date"":""2023-08-01"",""total_amount"":""$19.99"",""vendor"":""ACME Corp.""}


NOW YOUR TASK
OCR:
Dissemination Report U.S. Department of Justice Washington, DC 20530 OMB No. 1105-0006 Approval Expires Nov. 30, 1993 INSTRUCTIONS: Report must be submitted in duplicate to the Registration Unit, Internal Security Section, Criminal Division, Department of Justice, Washington, D.C. 20530. The original must be signed by or on behalf of the registrant. All items in this form must be answered, unless the answer is ""none"" or ""not applicable,"" in which case such an entry shall be made in the appropriate space. If additional space is needed for any item, attach supplemental sheet identifying each item. Privacy Act Statement. Every registration statement, short form registration statement, supplemental statement, exhibit, amendment, dissemination report, copy of political propaganda or other document or information filed with the Attorney General under this act is a public record open to public examination, inspection and copying during the posted business hours of the Registration Unit in Washington, D.C. One copy of every such document is automatically provided to the Secretary of State pursuant to Section 6(b) of the Act, and copies of such documents are routinely made available to other agencies, departments and Congress pursuant to Section 6(c) of the Act. Finally, the Attorney General transmits an annual report to the Congress on the Administration of the Act which lists the names of all agents registered under the Act, the foreign principals they represent, and the nature, sources and content of the political propaganda disseminated or distributed by them. This report is available to the public. Public Reporting Burden. Public reporting burden for this collection of information is estimated to average .5 hours per response, including the time for reviewing instructions, searching existing data sources, gathering and maintaining the data needed, and completing and reviewing the collection of information. Send comments regarding this burden estimate or any other aspect of this collection of information, including suggestions for reducing this burden to Chief, Registration Unit, Criminal Division, U.S. Department of Justice, Washington, D.C. 20530; and to the Office of Information and Regulatory Affairs, Office of Management and Budget, Washington, D.C. 20503. 1. Name of registrant Far East Trade Service, 2. Registration No. 2985 Inc. 3. Nature of material (A concise account of the nature of the propaganda material filed) Trade promotion for Taiwan, R.O.C. 4. Title of material, if any 1. What You Can Buy from 5. Name of foreign principal on whose behalf this material was Taiwan 2. What You Can Sell to Taiwan 3. Doing transmitted. Business with Taiwan 4. Potential Export Items Far East Trade Service, Inc. to Taiwan Taipei, Taiwan, R.O.C. - 6. Means of transmission 7. Dates of transmission March 2,5, 8. Total copies transmitted 1. 40; 2 By mail in person 6, 13, 17, 18, 19, 20, 26, 14; 3. 49; 4. 1: TOTAL 1992 104 9. List addresses from which material was transmitted: 10. List states and territories of the United States to which material transmitted: Far East Trade Service, Inc. 555 Montgomery St., Suite 603 California San Francisco, CA 94111-2564 11. Types of recipients (Give number of organizations in each group) 12. List names and addresses of persons or organizations receiving 100 copies or more: Libraries Public officials Newspapers Press services of associations Educational institutions Civic groups. Other (specify)- N/A 1 Student Import/Export 92 -6 A797 FORM CRM-159 SEP. 89 13. If the material transmitted was a film or radio or television script, furnish the following information: Date or dates broadcast shown Estimated attendance (for film(s)) Name of station, organization, or theater using (including city and state) N/A Yes ☑ No ☐ 14. Have two copies of this material been filed with the Department of Justice? Yes ☑ No ☐ 15. Has this material been labeled as required by the act? Signature Name and title Date of report April 1, 1992 (MARCH RPT.) Robert Y. Wang, Director ""Pering 92 MB-6 A747 Dissemination Report U.S. Department of Justice Washington, DC 20530 OMB No. 1105-0006 Approval Expires Nov. 30, 1993 INSTRUCTIONS: Report must be submitted in duplicate to the Registration Unit, Internal Security Section, Criminal Division, Department of Justice, Washington, D.C. 20530. The original must be signed by or on behalf of the registrant. All items in this form must be answered, unless the answer is ""none"" or ""not applicable,"" in which case such an entry shall be made in the appropriate space. If additional space is needed for any item, attach supplemental sheet identifying each item. Privacy Act Statement. Every registration statement, short form registration statement, supplemental statement, exhibit, amendment, dissemination report, copy of political propaganda or other document or information filed with the Attorney General under this act is a public record open to public examination, inspection and copyin …

Requested keys:
registration_num, registrant_name, foreign_principle_name, file_date, signer_title, signer_name

Output JSON (single line, no extra text):
","{""registration_num"":""1105-0006"",""registrant_name"":""Far East Trade Service, Inc."",""foreign_principle_name"":""Taiwan, R.O.C."",""file_date"":""1993-11-30"",""signer_title"":""Director"",""signer_name"":""Robert Y. Wang""}","{""file_date"": ""April 1, 1992"", ""foreign_principle_name"": ""Far East Trade Service, Inc. Taipei, Taiwan, R.O.C."", ""registrant_name"": ""Far East Trade Service, Inc."", ""registration_num"": ""2985"", ""signer_name"": ""Robert Y. Wang"", ""signer_title"": ""Director""}",3.5934436321258545,9,5,0.399272,3.593444,2.5,1.39,28.680996,51.625792,0.0,0.5,0.5666666666666667,0.5,0.6395061728395062
"You are an information extraction engine.
Your task is to read OCR text from a document and extract specific fields.
You must output ONLY one JSON object, with EXACTLY the requested keys.
Rules:
  - The JSON must be on a single line (no line breaks or indentation).
  - Each requested key MUST be present in the JSON.
  - If a field appears multiple times, use a JSON array of unique values in reading order.
  - If a field is not present in the OCR text, set its value to null.
  - Do NOT add any keys that were not requested.
  - Do NOT output any explanations, comments, or text outside the JSON object.


EXAMPLE
OCR:
Invoice # 12345 | Date: 2023-08-01 | Total: $19.99
Vendor: ACME Corp.

Requested keys:
invoice_number, date, total_amount, vendor

Output JSON (single line):
{""invoice_number"":""12345"",""date"":""2023-08-01"",""total_amount"":""$19.99"",""vendor"":""ACME Corp.""}


NOW YOUR TASK
OCR:
Contract Agreement Between: Print Date 03/18/20 Page 1 of 3 CONTRACT WYFX FOX WYFX 2960 North Meridian Street, Suite 250 Heather Kiel Indianapolis, IN 46208 YOUNGSTOWN (330) 782-1144 Contract/Revision Alt Order # 2409714 1 26819312 Advertiser Original Date / Revision POL/Joe Biden/President/US/Dem 03/18/20 / 03/18/20 Contract Dates Estimate # 03/05/20 - 03/17/20 7188 Product Primary Billing Cycle Billing Calendar Cash/Trade EOM Broadcast Cash Property Account Executive Sales Office WYFX Katz Washington Katz/Washingto Special Handling And: Media Buying and Analytics 2020 Howell Mill Road NW Suite D-348 Atlanta, GA 30318 Demographic Adults 18+ Agy Code Advertiser Code Product 1/2 1106 1271 Advertiser Ref Agency Ref Start/End Time Days Spots/ Length Week :30 Rate *Line Ch Start Date End Date Description 1 WYFX 03/09/20 03/09/20 M-F 7a-9a Fox News AM Start Date End Date Weekdays Spots/Week Week: 03/09/20 03/15/20 M------ 1 Amount Type Spots NM 1 $40.00 M-F 7a-9a Fox New Rate $40.00 :30 NM 1 $40.00 M-F 7a-9a Fox New Rate $40.00 :30 NM 1 $40.00 M-F 7a-9a Fox New Rate $40.00 M-F 7a-9a Fox New Rate $40.00 :30 NM 1 $40.00 M-F 7a-9a Fox Nev :30 NM 1 $40.00 Rate :30 NM $40.00 M-F 7a-9a Fox New Rate $40.00 1 $40.00 2 WYFX 03/11/20 03/11/20 M-F 7a-9a Fox News AM Start Date End Date Weekdays Spots/Week Week: 03/09/20 03/15/20 ------- 1 3 WYFX 03/12/20 03/12/20 M-F 7a-9a Fox News AM Start Date End Date Weekdays Spots/Week Week: 03/09/20 03/15/20 ---T--- 1 4 WYFX 03/13/20 03/13/20 M-F 7a-9a Fox News AM Start Date End Date Weekdays Spots/Week Week: 03/09/20 03/15/20 ----F-- 1 5 WYFX 03/16/20 03/16/20 M-F 7a-9a Fox News AM Start Date End Date Weekdays Spots/Week Week: 03/16/20 03/22/20 M------ 1 6 WYFX 03/09/20 03/09/20 M-F 7a-9a Fox News AM Start Date End Date Weekdays Spots/Week Week: 03/09/20 03/15/20 M------ 1 7 WYFX 03/12/20 03/12/20 M-F 7a-9a Fox News AM Start Date End Date Weekdays Spots/Week Week: 03/09/20 03/15/20 ---T--- 1 8 WYFX 03/13/20 03/13/20 M-F 7a-9a Fox News AM Start Date End Date Weekdays Spots/Week Week: 03/09/20 03/15/20 ----F-- 1 9 WYFX 03/16/20 03/16/20 M-F 7a-9a Fox News AM Start Date End Date Weekdays Spots/Week Week: 03/16/20 03/22/20 M------ 1 N 10 WYFX 03/17/20 03/17/20 M-F 7a-9a Fox News AM Start Date End Date Weekdays Spots/Week Week: 03/16/20 03/22/20 -T- 1 Spot Ch Date Range Description 1 WYFX 03/16/20-03/22/20 M-F 7a-9a Fox News AM Credited :30 NM 1 $40.00 M-F 7a-9a Fox New Rate $40.00 :30 NM 1 $40.00 M-F 7a-9a Fox Nev Rate $40.00 :30 NM 1 $40.00 M-F 7a-9a Fox New Rate $40.00 :30 NM 0 $0.00 M-F 7a-9a Fox New Rate $40.00 Start/End Time Weekdays M-F 7a-9a Fox Nei-Tu------- Rate Length :30 Type NM $40.00 (* Line Transactions: N = New, E = Edited, D = Deleted) Notwithstanding to whom bills are rendered, advertiser, agency and service, jointly and severally, shall remain obligated to pay to station the amount of any bills rendered by station within the time specified and until payment in full is received by station Payment by advertiser to agency or to service or payment by agency to service, shall not constitute payment to station Station will not be bound by conditions printed or otherwise contracts, insertion orders, copy instructions or any correspondence when such conflict with the above terms and conditions. Two week advance cancellation notice is required unless otherwise specified Nexstar Media Group does not discriminate in the sale of advertising time, and will accept no advertising which is placed with an intent to discriminate on the basis of race or ethnicity. Any advertiser certifies that it is not buying broadcasting air time on Nexstar Media Group stations for a discriminatory purpose, including but not limited to decisions not to place advertising on particular stations on the basis of race or ethnicity powered by WideOrbit Contract Agreement Between: Print Date 03/18/20 Page 2 of 3 WYFX FOX Contract / Revision 2409714 1 Alt Order # 26819312 WYFX 2960 North Meridian Street, Suite 250 Heather Kiel Indianapolis, IN 46208 YOUNGSTOWN (330) 782-1144 Advertiser POL/Joe Biden/President/US/Dem Original Date / Revision 03/18/20 / 03/18/20 Contract Dates 03/05/20 - 03/17/20 Product Primary Estimate # 7188 Start/End Time Days Spots/ Length Week :30 Rate Type Spots NM 1 Amount $40.00 M-F 7a-9a Fox New Rate $40.00 :30 NM 1 $40.00 :30 NM 1 $40.00 M-F 7a-9a Fox New Rate $40.00 M-F 7a-9a Fox New Rate $40.00 M-F 7a-9a Fox New Rate $40.00 M-F 7a-9a Fox Nev Rate $40.00 :30 NM 1 $40.00 :30 NM 1 $40.00 :30 NM 0 $0.00 M-F 7a-9a Fox New Rate $40.00 Start/End Time Weekdays M-F 7a-9a Fox Nei-Tu-- Length :30 Rate $40.00 Type NM :30 NM 1 $30.00 *Line Ch Start Date End Date Description 11 WYFX 03/09/20 03/09/20 M-F 7a-9a Fox News AM Start Date End Date Weekdays Spots/Week Week: 03/09/20 03/15/20 M------ 1 12 WYFX 03/10/20 03/10/20 M-F 7a-9a Fox News AM Start Date End Date Weekdays Spots/ Week Week: 03/09/20 03/15/20 -T---- 1 13 WYFX 03/11/20 03/11/20 M-F 7a-9a Fox News AM Start Date End Date Weekdays Spots/W …

Requested keys:
property, contract_num, tv_address, advertiser, product, flight_to, flight_from, gross_amount

Output JSON (single line, no extra text):
","{""property"":""2960 North Meridian Street, Suite 250 Heather Kiel Indianapolis, IN 46208,"",""""contract_num"":2609714,""tv_address"":["" 2960 North Meridian Street, Suite 250 Heather Kiel Indianapolis, IN 46208, "","" 2020 Howell Mill Road NW Suite D-348 Atlanta, GA 30318,""],""advertiser"":["" POL/Joe Biden/President/US/Dem "","""",""],""product"":[""Ad 1/2 1106 1271 "","" 7188 "","" 1 media buying and analytics 2020 ,""],""flight_to"":["" M-F 7","{""advertiser"": ""POL/Joe Biden/President/US/Dem"", ""contract_num"": ""2409714"", ""flight_from"": ""03/05/20"", ""flight_to"": ""03/17/20"", ""gross_amount"": ""$1,915.00"", ""product"": ""Primary"", ""property"": ""WYFX"", ""tv_address"": ""2960 North Meridian Street, Suite 250 Heather Kiel Indianapolis, IN 46208""}",3.7229738235473633,61,1,0.061032,3.722974,16.38,0.27,4.384156,267.433544,0.0,0.0,0.0,0.0,0.0
"You are an information extraction engine.
Your task is to read OCR text from a document and extract specific fields.
You must output ONLY one JSON object, with EXACTLY the requested keys.
Rules:
  - The JSON must be on a single line (no line breaks or indentation).
  - Each requested key MUST be present in the JSON.
  - If a field appears multiple times, use a JSON array of unique values in reading order.
  - If a field is not present in the OCR text, set its value to null.
  - Do NOT add any keys that were not requested.
  - Do NOT output any explanations, comments, or text outside the JSON object.


EXAMPLE
OCR:
Invoice # 12345 | Date: 2023-08-01 | Total: $19.99
Vendor: ACME Corp.

Requested keys:
invoice_number, date, total_amount, vendor

Output JSON (single line):
{""invoice_number"":""12345"",""date"":""2023-08-01"",""total_amount"":""$19.99"",""vendor"":""ACME Corp.""}


NOW YOUR TASK
OCR:
Print Date 04/29/20 15:15:42 Page 1 of 3 ORDER FOX 5 Orders Order/Rev: 1019677 Alt Order #: 09823036 KVVU-TV Henderson Las Vegas Product Desc: PICKERING 4 SUPREME Estimate: 6843 KVVU TV 05/06/2005/12/20 Primary AE: Teresa Difuria Flight Dates: Original Date/Rev: 04/29/20/04/29/20 Sales Office: T-PHI Order Type: GENERAL Sales Region: National Agency Name: Strategic Media Services Cash Buying Contact: Billing Contact: Billing Type: Billing Calendar: Broadcast 1911 North Ft. Myer Drive, Suite 400 EOM/EOC Billing Cycle: Agency Commission: Arlington, VA 22209 15% Advertiser Name: Pickering For Supreme Court Demographic: A35+ New Business Thru: Product Codes: Political-Candidates, Political-Cand-Local Advertiser External ID: 639964 Revenue Code 1: POL Agency External ID: 108852 Revenue Code 2: PLC Unit Code: General Revenue Code 3: POL LPL Bill Plan Start Date End Date # Spots Gross Amount Net Amount Net Amount Totals Month May 2020 Totals # Spots 23 Rating 0.00 04/27/20 05/12/20 23 $3,675.00 Gross Amount $3,675.00 $3,675.00 $3,123.75 $3,123.75 23 $3,123.75 0.00 Account Executives Account Executive Sales Office Sales Region Start Date/End Date Order % Teresa Difuria Start Of Order - End Of Order 100% Share Order Share KVVU TV Total $3,675.00 22% Market 100% $16,704.55 Total Share 0% Competitive Share KBLR KHDF KINC KLAS KLVX KSNV KTNV KTUD 0% 0% 28% 0% 28% 22% 0% $0.00 $0.00 $0.00 $4,677.27 $0.00 $4,677.27 $3,675.00 $0.00 $0.00 $0.00 $0.00 KVCW KVMY LV1 0% 0% 0% Amount Len Spots :30 1 Rate Pri Rtg Type Spots $150.00IMP 0.00 NM 1 $150.00 Ln Ch Start End Inventory Code Break Start/End Time Days N 1 KVVU 05/11/20 05/11/20 FOX 5 News 730-8am CM FOX 5 News 730-1------ FOX 5 News 730-8am Start Date End Date Weekdays Spots/Week Rate Rating Week: 05/11/20 05/17/20 1-- 1 $150.00 0.00 Print Date: 04/29/20 15:15:43 Page 2 of 3 Order/ Rev: 1019677 Advertiser: Pickering For Supreme Court Alt Order #: 09823036 Product Desc: PICKERING 4 SUPREME KVVU TV Flight Dates: 05/06/2005/12/20 Estimate: 6843 Len Spots Rate Pri Rtg Type Spots Amount 1-- :30 1 $150.00IMP 0.00 NM 1 $150.00 :30 1 $150.00IMP 0.00 NM 1 $150.00 :30 1 $125.00 IMP 0.00 NM 1 $125.00 :30 1 $75.00 IMP 0.00 NM 1 $75.00 :30 1 $75.00 IMP 0.00 NM 1 $75.00 :30 1 $200.00 IMP 0.00 NM 1 $200.00 :30 1 $200.00 IMP 0.00 NM 1 $200.00 Ln Ch Start End Inventory Code Break Start/End Time Days Start Date End Date Weekdays Spots/Week Rate Rating Week: 05/11/20 05/17/20 1 $150.00 0.00 N 2 KVVU 05/06/20 05/06/20 FOX 5 News 730-8am CM FOX 5 News 730-8--1---- FOX 5 News 730-8am Start Date End Date Wee Spots/Week Rate Rating Week: 05/04/20 05/10/20 --1---- 1 $150.00 0.00 N 3 KVVU 05/07/20 05/07/20 FOX 5 News 730-8am CM FOX 5 News 730-8---1--- FOX 5 News 730-8am Start Date End Date Weekdays Spots/Week Rate Rating Week: 05/04/20 05/10/20 ---1--- 1 $150.00 0.00 N 4 KVVU 05/10/20 05/10/20 FOX 5 News Sun 7-8amCM FOX 5 News Sun 7------1 FOX 5 News Sun 7-8am Start Date End Date Weekdays Spots/Week Rate Rating Week: 05/04/20 05/10/20 -1 1 $125.00 0.00 N 5 KVVU 05/12/20 05/12/20 M-F 10a-11a CM M-F 10a-11a -1- MORE: Local Las Vegas Start Date End Date Weekdays Spots/Week Rate Rating Week: 05/11/20 05/17/20 -1----- 1 $75.00 0.00 N 6 KVVU 05/08/20 05/08/20 M-F 10a-11a CM M-F 10a-11a ----1 MORE: Local Las Vegas Start Date End Date Weekdays Spots/Week Rate Rating Week: 05/04/20 05/10/20 ----1-- 1 $75.00 0.00 N 7 KVVU 05/12/20 05/12/20 Fox 5 News at 5pm CM M-F 5-530p -1----- Fox 5 News at 5pm Start Date End Date Weekdays Spots/Week Rate Rating Week: 05/11/20 05/17/20 -1----- 1 $200.00 0.00 N 8 KVVU 05/06/20 05/06/20 Fox 5 News at 5pm CM M-F 5-530p --1---- Fox 5 News at 5pm Start Date End Date Weekdays Spots/Week Rate Rating Week: 05/04/20 05/10/20 --1---- 1 $200.00 0.00 N 9 KVVU 05/07/20 05/07/20 Fox 5 News at 5pm CM M-F 5-530p ---1--- Fox 5 News at 5pm Start Date End Date Weekdays Spots/Week Rate Rating Week: 05/04/20 05/10/20 ---1--- 1 $200.00 0.00 N 10 KVVU 05/11/20 05/11/20 Fox 5 News at 530pm CM M-F 530-6p 1- Fox 5 News at 5 MF 530-6p Start Date End Date Weekdays Spots/Week Rate Rating Week: 05/11/20 05/17/20 1-- 1 $150.00 0.00 N11 KVVU 05/07/20 05/07/20 Fox 5 News at 530pm CM M-F 530-6p Fox 5 News at 5 MF 530-6p Start Date End Date Weekdays Spots/Week Rate Rating Week: 05/04/20 05/10/20 ---1--- 1 $150.00 0.00 N 12 KVVU 05/08/20 05/08/20 Fox 5 News at 530pm CM M-F 530-6p -1-- Fox 5 News at 5 MF 530-6p Start Date End Date Weekdays Spots/Week Rate Rating Week: 05/04/20 05/10/20 ----1-- 1 $150.00 0.00 N 13 KVVU 05/12/20 05/12/20 FOX 5 News 1030-11pmCM M-F 10:30p-11p -1----- M-F 10:30p-11p Start Date End Date Weekdays Spots/Week Rate Rating Week: 05/11/20 05/17/20 -1----- 1 $250.00 0.00 N14 KVVU 05/06/20 05/06/20 FOX 5 News 1030-11pmCM M-F 10:30p-11p --1---- M-F 10:30p-11p Start Date End Date Weekdays Spots/Week Rate Rating Week: 05/04/20 05/10/20 --1---- 1 $250.00 0.00 N 15 KVVU 05/08/20 05/08/20 FOX 5 News 1030-11pmCM M-F 10:30p-11p ----1-- M-F 10:30p-11p Start Date End Date Weekdays Spots/Week Rate  …

Requested keys:
contract_num, product, property, agency, advertiser, gross_amount, flight_to, flight_from

Output JSON (single line, no extra text):
","{""contract_num"":null,""product"":[""PICKERING 4 SUPREME""],""property"":[""AIR""],""agency"":null,""advertiser"":{""Name"":""Pickering For Supreme Court"",""Demographic "":""A35+"",""Revenue Code 1 "":""POL"",""Revenue Code 2 "":""PLC""},""gross_amount"":null,gross_amount"":{""Gross Amount "":""$3,675.00"",""Gross Amount "":""$3,123.75"",""Gross Amount "":""$3,675.00""},""flight_to"":[null,""""],flight_from"":[null,""""]}","{""advertiser"": ""Pickering For Supreme Court"", ""agency"": ""Strategic Media Services"", ""contract_num"": ""1019677"", ""flight_from"": ""05/06/20"", ""flight_to"": ""05/12/20"", ""gross_amount"": ""$3,675.00"", ""product"": ""PICKERING 4 SUPREME"", ""property"": ""KVVU TV""}",3.7960116863250732,22,3,0.172546,3.796012,5.8,0.79,12.39455,90.893365,0.0,0.0,0.0,0.0,0.0
"You are an information extraction engine.
Your task is to read OCR text from a document and extract specific fields.
You must output ONLY one JSON object, with EXACTLY the requested keys.
Rules:
  - The JSON must be on a single line (no line breaks or indentation).
  - Each requested key MUST be present in the JSON.
  - If a field appears multiple times, use a JSON array of unique values in reading order.
  - If a field is not present in the OCR text, set its value to null.
  - Do NOT add any keys that were not requested.
  - Do NOT output any explanations, comments, or text outside the JSON object.


EXAMPLE
OCR:
Invoice # 12345 | Date: 2023-08-01 | Total: $19.99
Vendor: ACME Corp.

Requested keys:
invoice_number, date, total_amount, vendor

Output JSON (single line):
{""invoice_number"":""12345"",""date"":""2023-08-01"",""total_amount"":""$19.99"",""vendor"":""ACME Corp.""}


NOW YOUR TASK
OCR:
Received by NSD/FARA Registration Unit 05/03/2017 6:51:01 PM OMB No. 1124-0003; Expires April 30, 2017 U.S. Department of Justice Amendment to Registration Statement Washington, DC 20530 Pursuant to the Foreign Agents Registration Act of 1938, as amended INSTRUCTIONS.. File this amendment form for any changes to a registration. Compliance is accomplished by filing an electronic amendment to registration statement and uploading any supporting documents at http://www.fara.gov. Privacy Act Statement. The filing of this document is required for the Foreign Agents Registration Act of 1938, as amended, 22 U.S.C. § 611 et seq., for the purposes of registration under the Act and public disclosure. Provision of the information requested is mandatory, and failure to provide the information is subject to the penalty and enforcement provisions established in Section 8 of the Act. Every registration statement, short form registration statement, supplemental statement, exhibit, amendment, copy of informational materials or other document or information filed with the Attorney General under this Act is a public record open to public examination, inspection and copying during the posted business hours of the Registration Unit in Washington, DC. Statements are also available online at the Registration Unit's webpage: http://www.fara.gov. One copy of every such document, other than informational materials, is automatically provided to the Secretary of State pursuant to Section 6(b) of the Act, and copies of any and all documents are routinely made available to other agencies, departments and Congress pursuant to Section 6(c) of the Act. The Attorney General also transmits a semi-annual report to Congress on the administration of the Act which lists the names of all agents registered under the Act and the foreign principals they represent. This report is available to the public in print and online at: http://www.fara.gov. Public Reporting Burden. Public reporting burden for this collection of information is estimated to average 1.5 hours per response, including the time for reviewing instructions, searching existing data sources, gathering and maintaining the data needed, and completing and reviewing the collection of information. Send comments regarding this burden estimate or any other aspect of this collection of information, including suggestions for reducing this burden to Chief, Registration Unit, Counterespionage Section, National Security Division, U.S. Department of Justice, Washington, DC 20530; and to the Office of Information and Regulatory Affairs, Office of Management and Budget, Washington, DC 20503. 1. Name of Registrant 2. Registration No. SORINI SAMET & ASSOCIATES LLC 5839 EN 3. This amendment is filed to accomplish the following indicated purpose or purposes: ☑ To give a 10-day notice of change in information as required by Section 2(b) of the Act. To correct a deficiency in Initial Statement Supplemental Statement for the period ending ☐ Other purpose (specify). Termination of foreign principal ☐ To give notice of change in an exhibit previously filed. 4. If this amendment requires the filing of a document or documents, please list: 5. Each item checked above must be explained below in full detail together with, where appropriate, specific reference to and identity of the item in the registration statement to which it pertains. (If space is insufficient, a full insert page must be used.) This amendment is being filed to indicate that the following foreign principal has terminated its relationship with Registrant, on the dates indicated below. Embassy of the Kingdom of Morocco (through Association Marocaine de l'Industrie du Textile et de l'Habillement (AMITH)) (TERMINATION DATE APRIL 1, 2017). Income, expenses, and activity on behalf of this principal will be reported on the Registrant's next required Supplemental Statement. FORM NSD-5 Revised 03/14 Received by NSD/FARA Registration Unit 05/03/2017 6:51:01 PM Received by NSD/FARA Registration Unit 05/03/2017 6:51:01 PM EXECUTION In accordance with 28 U.S.C. § 1746, the undersigned swear(s) or affirm(s) under penalty of perjury that he/she has (they have) read the information set forth in this registration statement and the attached exhibits and that he/she is (they are) familiar with the contents thereof and that such contents are in their entirety true and accurate to the best of his/her (their) knowledge and belief, except that the undersigned make(s) no representation as to the truth or accuracy of the information contained in the attached Short Form Registration Statement(s), if any, insofar as such information is not within his/her (their) personal knowledge. 1 (Date of signature) (Print or type name under each signature or provide electronic signature ¹) May 03, 2017 /s/ Ronald J. Sorini eSigned This statement shall be signed by the individual agent, if the registrant is an individual, or by a majority of those partners, officers, directors or person …

Requested keys:
registration_num, registrant_name, signer_name, file_date

Output JSON (single line, no extra text):
","{""registration_number"":""1124-0003"",""registrant_name"":""SORINI SAMET & ASSOCIATES LLC"",""signer_name"":""RONALD J. SORINI"",""file_date"":""2017-05-03""}","{""file_date"": ""May 03, 2017"", ""registrant_name"": ""SORINI SAMET & ASSOCIATES LLC"", ""registration_num"": ""5839"", ""signer_name"": ""Ronald J. Sorini""}",3.5936098098754883,8,1,0.449201,3.59361,2.23,0.28,32.267612,258.140898,0.0,0.5,0.5,0.5,0.6052631578947368
"You are an information extraction engine.
Your task is to read OCR text from a document and extract specific fields.
You must output ONLY one JSON object, with EXACTLY the requested keys.
Rules:
  - The JSON must be on a single line (no line breaks or indentation).
  - Each requested key MUST be present in the JSON.
  - If a field appears multiple times, use a JSON array of unique values in reading order.
  - If a field is not present in the OCR text, set its value to null.
  - Do NOT add any keys that were not requested.
  - Do NOT output any explanations, comments, or text outside the JSON object.


EXAMPLE
OCR:
Invoice # 12345 | Date: 2023-08-01 | Total: $19.99
Vendor: ACME Corp.

Requested keys:
invoice_number, date, total_amount, vendor

Output JSON (single line):
{""invoice_number"":""12345"",""date"":""2023-08-01"",""total_amount"":""$19.99"",""vendor"":""ACME Corp.""}


NOW YOUR TASK
OCR:
REMIT TO Sinclair Broadcast Advertiser c/o WJAC Agency PO Box 206270 Buyer Dallas, TX 75320-6270 Salesperson Suplizio for State Senate-R (135664) DT Firm, The-12.5 perc (20328) GWJAC HOUSE JOHNSTOWN, WJAC/EJAC (3508) ph: (814) 255-7600 Invoice 7452303 Inv Date 5/31/2020 Terms CIA Contract 4381260 Bill Type Calendar Period 5/1/2020-5/31/2020 Special Handling Product Brand Acct Types Est/External Demo Revision Comments None POLITICAL CANDIDATE (ns) (1186) MAY 2020 (1378410) Local/Political Candidate Agency BRD 41 DT Firm, The-12.5 perc 909 GREEN ST HARRISBURG, PA 17102-2927 CO-OP/Order Type No/Normal Package Gen. Date 6/1/2020 2:19:01PM AgM Johnstown (WJAC) OFFICIAL BILLING INVOICE Line Type Scheduled Schedule Days to Run Air Time Length Copy/ISCI Amount Remarks 1.0 News 6:30:00AM-7:00:00 Day, M-1,W-1,Th-1,F-1 05/27/20 6:56AM (We) 00:30 $350.00 1.0 News 6:30:00AM-7:00:00 Day M-1,W-1,Th-1-1 00:30 $350.00 1.0 News 6:30:00AM-7:00:00 Day,M-1,W-1,Th-1,F-1 00:30 $350.00 2.0 News 6:00:00AM-6:30:00 Day M-1,W-1,Th-1,F-1 05/28/20 6:59AM (Th) 05/29/20 6:50AM (Fr) 05/27/20 6:30AM (We) 05/28/20 6:28AM (Th) 05/29/20 6:20AM (FT) 00:30 $350.00 2.0 News 6:00:00AM-6:30:00 Day M-1W-1,Th-15 00:30 $350.00 2.0 News 6:00:00AM-6:30:00 Day M-1,W-1,Th-1 00:30 $350.00 3.0 News 7:00:00AM-9:00:00 Day M-1,W-1,Th-1 05/27/20 8:46AM (We) 00:30 $400.00 3.0 News 7:00:00AM-9:00:00 Day, M-1,W-1,Th-1,F-1 00:30 $400.00 3.0 News 7:00:00AM-9:00:00 Day, M-1,W-1,Th-1,F-1 00:30 $400.00 4.0 News 12:00:00PM-11:30:00 Day, M-1,W-1,Th-1,F-1 00:30 05/28/20 8:50AM (Th) 05/29/20 8:50AM (Fr) 05/27/20 11:20PM (We) 05/28/20 11:23PM (Th) 05/29/20 11:29PM (Fr) 05/28/20 5:55PM (Th) $250.00 4.0 News 00:30 $250.00 4.0 News 00:30 12:00:00PM-11:30:00 Day, M-1,W-1,Th-1,F1 12:00:00PM-11:30:00 Day M-1,W-1,Th-1,F1 5:30:00PM-6:00:00 Day,14-1,W-1,Th-1,F-1 5:30:00PM-6:00:00 Day,M-1,-1,Th-1,F-1 Conservative Outsider Scarnati Endorses Herm Suplizi Scarnati Endorses Herm Suplizi Scamati Endorses Herm Suplizi Conservative Outsider Conservative Outsider Scarmati Endorses Herm Suplizi Scarmati Endorses Herm Suplizi Scamali Endorses Herm Suplizi Scarmati Endorses Hem Suplitz Scamati Endorses Herm Suplizi Scarnati Endorses Herm Suplizi Conservative Outsider Scarmati Endorses Herm Suplizi 1 preempt @ $350.00 Scamat Endorses Herm Suplizi Scamati Endorses Herm Suplizi Scamati Endorses Herm Suplizi Scarmati Endorses Herm Suplizi Scarmati Endorses Herm Suplizi Conservative Outsider Scarnati Endorses Herm Suplizi Conservative Outsider $250.00 5.0 News 00:30 $350.00 5.0 News 05/29/20 5:42PM (Fr) 00:30 $350.00 5.0 News 05/27/20 $0.00 Pre-empt 6.0 News 6:00:00PM-6:30:00 Day,M-1,W-1,Th-1, 00:30 $600.00 6.0 News 00:30 6:00:00PM-6:30:00 Day, M-1,W-1,Th-1,5-1 6:00:00PM-6:30:00 Day, M-1,W-1,Th-1,F-1 $600.00 6.0 News- 00:30 $600.00 7.0 News 5:00:00PM-5:30:00 Day.M-1,W-1,Th-1 00:30 05/27/20 6:29PM (We) 05/28/20 6:29PM (Th) 05/29/20 6:30PM (Fr) 05/27/20 5:29PM (We) 05/28/20 5:27PM (Th) 05/29/20 5:19PM (Fr) 05/28/20 7:00PM (Th) 05/30/20 6:29PM (Sa) $350.00 7.0 News 5:00:00PM-5:30:00 Day, M-1,W-1,Th-1,-1 00:30 $350.00 7.0 News 00:30 $350.00 8.0 News 5:00:00PM-5:30:00 Day, M-1,W-1,Th-1,F-1 6:30:00PM-7:00:00 Day,M-1,Th-1,Sa-1 6:30:00PM-7:00:00 Day, M-1,Th-1,Sa-1 00:30 $600.00 8.0 News 00:30 $600.00 Officially printed on 06/03/20 11:17 AM Page: 1 Suplizio for State Senate-R (135664) DT Firm, The 12.5 perc (20328) GWJAC REMIT TO Sinclair Broadcast c/o WJAC PO Box 206270 Dallas, TX 75320-6270 Advertiser Agency Buyer Salesperson HOUSE-JOHNSTOWN, WJAC/EJAC (3508) ph: (814) 255-7600 Invoice 7452303 Inv Date 5/31/2020 Terms CIA Contract 4381260 Bill Type Calendar Period 5/1/2020-5/31/2020 AME Special Handling Product Brand Acct Types Est/External Demo Revision Comments None POLITICAL CANDIDATE (ns) (1186) MAY 2020 (1378410) Local/Political Candidate Agency BRD 4/ CO-OP/Order Type No/Normal Package Gen. Date 6/1/2020 2:19:01PM DT Firm, The-12.5 perc 909 GREEN ST HARRISBURG, PA 17102-2927 AgM Johnstown (WJAC) OFFICIAL BILLING INVOICE Line Type Scheduled Schedule Days to Run Air Time Length Copy/ISCI Amount Remarks 1 Total Spots 22 Gross Total Commission $8,800.00 ($1,100.00) Net 30-Payment is due within 30 days from invoice date. Station owned or provided services by the Sincair Broadcast Group. Warranty- We warrant the above broadcasts were made according to t official station log. Please note that we do not notarize invoices since the purpose of placing a motary seal on a document is la guaranty the authenticity of an individual's signature and not to certify the accuracy of commertials aired. Net Total $7,700.00 http://sbgi.net/?p=1224 ... to be part of their The parties intend for the Standard Advertiser Terms and Conditions (""Terms"") located at... agreement, and the sale of advertising is expressly subject to said Terms. Officially printed on 06/03/20 11:17 AM Page: 2 REMIT TO Sinclair Broadcast Advertiser c/o WJAC Agency PO Box 206270 Buyer Dallas, TX 75320-6270 Salesperson Suplizio for State Senate-R (13566 …

Requested keys:
advertiser, property, agency, tv_address, contract_num, product, gross_amount

Output JSON (single line, no extra text):
","{""advertiser"":""Sinclair Broadcast"",""property"":"""",""agency"":""WJAC/EJAC"",""tv_address"":""909 GREEN ST HARRISBURG, PA 17102-2927"",""contract_num"":""20328"",""product"":""DT Firm, The-12.5 perc"",""gross_amount"":""$8,800.00""}","{""advertiser"": ""Suplizio for State Senate-R (135664)"", ""agency"": [""DT Firm, The-12.5 perc (20328)"", ""DT Firm, The 12.5 perc (20328)""], ""contract_num"": ""4381260"", ""gross_amount"": ""$8,800.00"", ""product"": ""POLITICAL CANDIDATE (ns) (1186)"", ""property"": ""Sinclair Broadcast"", ""tv_address"": ""PO Box 206270 Dallas, TX 75320-6270""}",2.1437671184539795,12,2,0.178647,2.143767,5.6,0.93,12.832825,76.996947,0.0,0.14285714285714285,0.14285714285714285,0.14285714285714285,0.2893769843630071
"You are an information extraction engine.
Your task is to read OCR text from a document and extract specific fields.
You must output ONLY one JSON object, with EXACTLY the requested keys.
Rules:
  - The JSON must be on a single line (no line breaks or indentation).
  - Each requested key MUST be present in the JSON.
  - If a field appears multiple times, use a JSON array of unique values in reading order.
  - If a field is not present in the OCR text, set its value to null.
  - Do NOT add any keys that were not requested.
  - Do NOT output any explanations, comments, or text outside the JSON object.


EXAMPLE
OCR:
Invoice # 12345 | Date: 2023-08-01 | Total: $19.99
Vendor: ACME Corp.

Requested keys:
invoice_number, date, total_amount, vendor

Output JSON (single line):
{""invoice_number"":""12345"",""date"":""2023-08-01"",""total_amount"":""$19.99"",""vendor"":""ACME Corp.""}


NOW YOUR TASK
OCR:
: Received by NSD/FARA Registration Unit 02/20/2018 3:17:54 PM U.S. Department of Justice Washington, DC 20530 OMB No. 1124-0003; Expires May 31, 2020 Amendment to Registration Statement Pursuant to the Foreign Agents Registration Act of 1938, as amended INSTRUCTIONS. File this amendment form for any changes to a registration. Compliance is accomplished by filing an electronic amendment to registration statement and uploading any supporting documents at https://www.fara.gov. Privacy Act Statement. The filing of this document is required for the Foreign Agents Registration Act of 1938, as amended, 22 U.S.C. § 611 et seq, for the purposes of registration under the Act and public disclosure. Provision of the information requested is mandatory, and failure to provide the information is subject to the penalty and enforcement provisions established in Section 8 of the Act. Every registration statement, short form registration statement, supplemental statement, exhibit, amendment, copy of informational materials or other document or information filed with the Attorney General under this Act is a public record open to public examination, inspection and copying during the posted business hours of the Registration Unit in Washington, DC. Statements are also available online at the Registration Unit's webpage: https://www.fara.gov. One copy of every such document, other than informational materials, is automatically provided to the Secretary of State pursuant to Section 6(b) of the Act, and copies of any and all documents are routinely made available to other agencies, departments and Congress pursuant to Section 6(c) of the Act. The Attorney General also transmits a semi-annual report to Congress on the administration of the Act which lists the names of all agents registered under the Act and the foreign principals they represent. This report is available to the public in print and online at: https://www.fara.gov. . Public Reporting Burden. Public reporting burden for this collection of information is estimated to average 1.5 hours per response, including the time for reviewing instructions, searching existing data sources, gathering and maintaining the data needed, and completing and reviewing the collection of information. Send comments regarding this burden estimate or any other aspect of this collection of information, including suggestions for reducing this burden to Chief, Registration Unit, Counterintelligence and Export Control Section, National Security Division, U.S. Department of Justice, Washington, DC 20530; and to the Office of Information and Regulatory Affairs, Office of Management and Budget, Washington, DC 20503. 1. Name of Registrant 2. Registration No. Denton's US LLP 6284 3. This amendment is filed to accomplish the following indicated purpose or purposes: ☐ To give a 10-day notice of change in information as required by Section 2(b) of the Act. ☐ To correct a deficiency in Initial Statement Supplemental Statement for the period ending Other purpose (specify). ☑ To give notice of change in an exhibit previously filed. 4. If this amendment requires the filing of a document or documents, please list: N/A 5. Each item checked above must be explained below in full detail together with, where appropriate, specific reference to and identity of the item in the registration statement to which it pertains. (If space is insufficient, a full insert page must be used.) This Amendment to Registration Statement is being filed to terminate the Short-Form Registration of Juan Carlos Iturregui. His registration on behalf of the Republic of El Salvador became effective on 6/26/2017. Juan Carlos has not provided any services on behalf of the Republic of El Salvador since 9/29/2017. Therefore, his termination date should be 10/1/2017. FORM NSD-S Revised 05/17 Received by NSD/FARA Registration Unit 02/20/2018 3:17:54 PM Received by NSD/FARA Registration Unit 02/20/2018 3:17:54 PM EXECUTION In accordance with 28 U.S.C. § 1746, the undersigned swear(s) or affirm(s) under penalty of perjury that he/she has they have) read the information set forth in this registration statement and the attached exhibits and that he/she is (they are) familiar with the contents thereof and that such contents are in their entirety true and accurate to the best of his/her (their) knowledge and belief, except that the undersigned make(s) no representation as to the truth or accuracy of the information contained in the attached Short Form Registration Statement(s), if any, insofar as such information is not within his/her (their) personal knowledge. (Date of signature) (Print or type name under each signatur provide electronic signature ¹) 2.20.18 Vel michael Zoland This statement shall be signed by the individual agent, if the registrant is an individual, or by a majority of those partners, officers, directors or persons performing similar functions, if the registrant is an organization, except that the organization can, by power of attorney …

Requested keys:
registrant_name, registration_num, file_date, signer_name

Output JSON (single line, no extra text):
","{""registrant_name"":""Denton's US LLP"",""registration_num"":""6284"",""file_date"":""02/20/2018"",""signer_name"":""michael Zoland""}$","{""file_date"": ""2.20.18"", ""registrant_name"": ""Denton's US LLP"", ""registration_num"": ""6284"", ""signer_name"": ""michael Zoland""}",3.5963780879974365,4,1,0.899095,3.596378,1.11,0.28,64.584938,258.339752,0.0,0.75,0.75,0.75,0.9423076923076923
